top1	top2	top5	top10	top20	top50	top100	other	evaluated	skipped	gamma
0.0	0.0	0.0	0.0	0.0	0.8592592592592593	0.9666666666666667	0.03333333333333333	270	0	0.0
0.6259259259259259	0.7111111111111111	0.837037037037037	0.9	0.9629629629629629	0.9851851851851852	0.9962962962962963	0.003703703703703704	270	0	0.02
0.6296296296296297	0.725925925925926	0.8296296296296296	0.9037037037037037	0.9518518518518518	0.9851851851851852	0.9888888888888889	0.011111111111111112	270	0	0.04
0.6259259259259259	0.7111111111111111	0.8074074074074075	0.9037037037037037	0.9481481481481482	0.9851851851851852	0.9851851851851852	0.014814814814814815	270	0	0.06
0.6111111111111112	0.7037037037037037	0.8	0.9037037037037037	0.9444444444444444	0.9851851851851852	0.9888888888888889	0.011111111111111112	270	0	0.08
0.6037037037037037	0.7	0.7925925925925926	0.9037037037037037	0.9407407407407408	0.9888888888888889	0.9888888888888889	0.011111111111111112	270	0	0.1
0.5962962962962963	0.6925925925925925	0.7925925925925926	0.8888888888888888	0.9333333333333333	0.9888888888888889	0.9888888888888889	0.011111111111111112	270	0	0.12
