top1	top2	top5	top10	top20	top50	top100	other	evaluated
0.67875	0.785	0.915	0.95625	0.98125	0.9925	0.9975	0.0025	800
