pmid	jtak_label	jtak_status	omim_id	s1_x	gpt_label	s1_bin	topic_bin	stratum	weight	rank_pct_max	rank_decay_max	s1_y	rule_pass	rrf_score	rrf_rank	rrf_hits	rrf_score_mean	rrf_score_sum	bm25_score	bm25_rank	bm25_hits	bm25_score_mean	bm25_score_sum	mpnet_score	mpnet_rank	mpnet_hits	mpnet_score_mean	mpnet_score_sum
6472469	no	success	OMIM:120100	0.9	i dont know	[0.8,0.9)	L	[0.8,0.9)|i dont know|L	1.0	0.9	0.729872	0.9	0	0.0042016806722689	28.0	1	0.0042016806722689	0.0042016806722689	0.0	6000.0	0.0	0.0	0.0	0.0107446034440941	6.0	1.0	0.0107446034440941	0.0107446034440941
5614860	no	success	OMIM:133200	0.9	i dont know	[0.8,0.9)	L	[0.8,0.9)|i dont know|L	1.0	0.9	0.729872	0.9	0	0.0042372881355932	15.0	1	0.0042372881355932	0.0042372881355932	0.0	6000.0	0.0	0.0	0.0	0.0135254386024773	2.0	1.0	0.0135254386024773	0.0135254386024773
6192656	no	success	OMIM:148700	0.9	i dont know	[0.8,0.9)	L	[0.8,0.9)|i dont know|L	1.0	0.9	0.729872	0.9	0	0.0041493775933609	16.0	1	0.0041493775933609	0.0041493775933609	0.0	6000.0	0.0	0.0	0.0	0.0109476757242308	3.0	1.0	0.0109476757242308	0.0109476757242308
12013910	no	success	OMIM:157640	0.9	i dont know	[0.8,0.9)	L	[0.8,0.9)|i dont know|L	1.0	0.9	0.729872	0.9	0	0.0040983606557377	32.0	1	0.0040983606557377	0.0040983606557377	0.0	6000.0	0.0	0.0	0.0	0.0110869092730313	10.0	1.0	0.0110869092730313	0.0110869092730313
34032274	no	success	OMIM:164200	0.9	i dont know	[0.8,0.9)	L	[0.8,0.9)|i dont know|L	1.0	0.9	0.729872	0.9	0	0.0042735042735042	29.0	1	0.0042735042735042	0.0042735042735042	0.0	6000.0	0.0	0.0	0.0	0.0106382978723404	6.0	1.0	0.0106382978723404	0.0106382978723404
